15:14:18	0.00101852	513
15:14:18	0.650944	513
15:14:48	0.00101852	513
15:14:49	0.650944	513
15:15:19	0.00101852	5827
15:15:19	2.42289	5827
15:15:49	0.00101852	13635
15:15:49	2.84855	13635
15:16:19	0.00101852	20309
15:16:19	3.112	20309
15:16:49	0.00101852	19103
15:16:49	7.75343	23777
15:17:19	0.00101852	22175
15:17:19	12.4565	22175
15:17:49	0.00101852	21691
15:17:49	17.3832	22331
15:18:20	0.00101852	19605
15:18:20	22.564	19605
15:18:50	0.00101852	22653
15:18:50	27.2331	22653
15:19:20	0.00101852	22809
15:19:20	32.1616	22809
15:19:50	0.00101852	24733
15:19:50	37.1913	24733
15:20:20	0.00101852	22513
15:20:20	42.1449	22513
15:20:50	0.00101852	28813
15:20:50	43.522	28813
15:21:21	0.00101852	29353
15:21:21	43.522	29353
15:21:51	0.00101852	29593
15:21:51	43.522	29593
15:33:05	0.000961304	4515
15:33:05	4.43633	4515
15:33:35	0.000961304	8783
15:33:35	9.09004	8783
15:34:05	0.000961304	7051
15:34:05	13.6504	7051
15:34:35	0.000961304	9257
15:34:35	18.5289	9377
15:35:06	0.000961304	8295
15:35:06	23.2065	8295
15:35:36	0.000961304	8491
15:35:36	28.1345	8491
15:36:06	0.000961304	5727
15:36:06	33.2688	5727
15:36:36	0.000961304	9949
15:36:36	37.8441	9949
15:37:06	0.000961304	10045
15:37:06	42.7201	10045
15:37:36	0.000961304	9141
15:37:37	47.4277	9141
15:38:07	0.000961304	6425
15:38:07	52.2242	8615
15:38:37	0.000961304	18813
15:38:37	53.585	18813
15:39:07	0.000961304	19333
15:39:07	53.585	19333
15:39:37	0.000961304	19333
15:39:37	53.585	19333
15:40:07	0.000961304	27881
15:40:08	53.8036	27881
15:40:38	0.000961304	27881
15:40:38	53.8036	27881
15:41:08	0.000961304	27881
15:41:08	53.8036	27881
15:41:38	0.000961304	27881
15:41:38	53.8036	27881
15:42:08	0.000961304	27881
15:42:08	53.8036	27881
15:42:38	0.000961304	27881
15:42:38	53.8036	27881
15:43:08	0.000961304	27881
15:43:09	53.8036	27881
15:43:39	0.000961304	27881
15:43:39	53.8036	27881
15:44:09	0.000961304	27881
15:44:09	53.8036	27881
15:44:39	0.000961304	27881
15:44:39	53.8036	27881
15:45:09	0.000961304	27881
15:45:09	53.8036	27881
15:45:39	0.000961304	27881
15:45:39	53.8036	27881
15:46:09	0.000961304	27881
15:46:09	53.8036	27881
15:46:40	0.000961304	27881
15:46:40	53.8036	27881
15:47:10	0.000961304	27881
15:47:10	53.8036	27881
15:47:40	0.000961304	27881
15:47:40	53.8036	27881
15:48:10	0.000961304	27881
15:48:10	53.8036	27881
15:48:40	0.000961304	27881
15:48:40	53.8036	27881
15:49:10	0.000961304	27881
15:49:11	53.8036	27881
15:49:41	0.000961304	27881
15:49:41	53.8036	27881
15:50:11	0.000961304	27881
15:50:11	53.8036	27881
15:50:41	0.000961304	27881
15:50:41	53.8036	27881
15:51:11	0.000961304	27881
15:51:11	53.8036	27881
15:51:41	0.000961304	27881
15:51:41	53.8036	27881
15:52:12	0.000961304	27881
15:52:12	53.8036	27881
15:52:42	0.000961304	27881
15:52:42	53.8036	27881
15:53:12	0.000961304	27881
15:53:12	53.8036	27881
15:53:42	0.000961304	27881
15:53:42	53.8036	27881
15:54:12	0.000961304	27881
15:54:12	53.8036	27881
15:54:43	0.000961304	27881
15:54:43	53.8036	27881
15:55:13	0.000961304	27881
15:55:13	53.8036	27881
15:55:43	0.000961304	27881
15:55:43	53.8036	27881
15:56:13	0.000961304	27881
15:56:13	53.8036	27881
15:56:43	0.000961304	27881
15:56:43	53.8036	27881
15:57:14	0.000961304	27881
15:57:14	53.8036	27881
15:57:44	0.000961304	27881
15:57:44	53.8036	27881
15:58:14	0.000961304	27881
15:58:14	53.8325	27881
15:58:44	0.000911713	27881
15:58:44	53.815	27881
15:59:14	0.000904083	27881
15:59:14	53.8043	27881
15:59:45	0.000904083	27881
15:59:45	53.8043	27881
16:00:15	0.000904083	27881
16:00:15	53.8046	27881
16:00:45	0.000904083	27881
16:00:45	53.8046	27881
16:01:15	0.000904083	27881
16:01:15	53.8046	27881
16:01:45	0.000904083	27881
16:01:45	53.8046	27881
16:02:15	0.000904083	27881
16:02:15	53.8046	27881
16:02:46	0.000904083	27881
16:02:46	53.8048	27881
16:03:16	0.000904083	27881
16:03:16	53.8048	27881
16:03:46	0.000904083	27881
16:03:46	53.8048	27881
16:04:16	0.000904083	27881
16:04:16	53.8048	27881
16:04:46	0.000904083	27881
16:04:46	53.8048	27881
16:05:16	0.000904083	27881
16:05:17	53.8049	27881
16:05:47	0.000904083	27881
16:05:47	53.8052	27881
16:06:17	0.000904083	27881
16:06:17	53.8054	27881
16:06:47	0.000904083	27881
16:06:47	53.8054	27881
16:07:17	0.000904083	27881
16:07:17	53.8054	27881
16:07:47	0.000904083	27881
16:07:47	53.8054	27881
16:08:18	0.000904083	27881
16:08:18	53.8054	27881
16:08:48	0.000904083	27849
16:08:48	50.1948	27849
16:09:18	0.000904083	8727
16:09:18	44.9637	8727
16:09:48	0.000904083	8727
16:09:48	44.9637	8727
16:10:18	0.000904083	12367
16:10:18	15.7815	12367
16:10:49	0.000904083	12339
16:10:49	18.669	11181
16:11:19	0.000904083	13393
16:11:19	23.2576	13393
16:11:49	0.000904083	12653
16:11:49	27.3018	12653
16:12:19	0.000904083	12813
16:12:19	31.7035	12813
16:12:49	0.000904083	10127
16:12:49	36.2941	10127
16:13:19	0.000904083	13087
16:13:19	40.3341	13087
16:13:49	0.000904083	13265
16:13:50	44.7363	13265
16:14:20	0.000904083	12297
16:14:20	49.0212	12297
16:14:50	0.000904083	13635
16:14:50	53.3347	13635
16:15:20	0.000904083	13869
16:15:20	57.6281	13869
16:15:50	0.000904083	22563
16:15:50	58.6153	22563
16:16:20	0.000904083	23023
16:16:20	58.6153	23023
16:16:50	0.000904083	23063
16:16:50	58.6153	23063
16:17:21	0.000904083	26951
16:17:21	58.6162	26951
16:17:51	0.000904083	26951
16:17:51	58.6162	26951
16:18:21	0.000904083	26951
16:18:21	58.6162	26951
16:18:51	0.000904083	26951
16:18:51	58.6162	26951
16:19:21	0.000904083	26951
16:19:21	58.6162	26951
16:19:52	0.000904083	26951
16:19:52	58.6162	26951
16:20:22	0.000904083	26951
16:20:22	58.6162	26951
16:20:52	0.000904083	26951
16:20:52	58.6162	26951
16:21:22	0.000904083	26951
16:21:22	58.6162	26951
16:21:52	0.000904083	26951
16:21:52	58.6162	26951
16:22:22	0.000904083	26951
16:22:23	58.6162	26951
16:22:53	0.000904083	26951
16:22:53	58.6162	26951
16:23:23	0.000904083	26951
16:23:23	58.6162	26951
16:23:53	0.000904083	26951
16:23:53	58.6162	26951
16:24:23	0.000904083	26951
16:24:23	58.6162	26951
16:24:53	0.000904083	26951
16:24:54	58.6162	26951
16:25:24	0.000904083	26951
16:25:24	58.6162	26951
16:25:54	0.000904083	26951
16:25:54	58.6162	26951
16:26:24	0.000904083	26951
16:26:24	58.6162	26951
16:26:54	0.000904083	26951
16:26:54	58.6162	26951
16:27:24	0.000904083	26951
16:27:24	58.6162	26951
16:27:55	0.000904083	26951
16:27:55	58.6162	26951
16:28:25	0.000904083	26951
16:28:25	58.6162	26951
16:28:55	0.000904083	26951
16:28:55	58.6162	26951
16:29:25	0.000904083	26951
16:29:25	58.6162	26951
16:29:55	0.000904083	26951
16:29:55	58.6162	26951
16:30:25	0.000904083	26951
16:30:25	58.6162	26951
16:30:55	0.000904083	26951
16:30:56	58.6162	26951
16:31:26	0.000904083	26951
16:31:26	58.6162	26951
16:31:56	0.000904083	26951
16:31:56	58.6162	26951
16:32:26	0.000904083	26951
16:32:26	58.6162	26951
16:32:56	0.000904083	26951
16:32:56	58.6162	26951
16:33:26	0.000904083	26943
16:33:26	58.6175	26943
16:33:56	0.000904083	26943
16:33:56	58.6175	26943
16:34:27	0.000904083	26943
16:34:27	58.6175	26943
16:34:57	0.000904083	26943
16:34:57	58.6175	26943
16:35:27	0.000904083	26943
16:35:27	58.6175	26943
16:35:57	0.000904083	26943
16:35:57	58.6175	26943
16:36:27	0.000904083	26943
16:36:27	58.6175	26943
16:36:57	0.000904083	26943
16:36:57	58.6175	26943
16:37:28	0.000904083	26943
16:37:28	58.6175	26943
16:37:58	0.000904083	26943
16:37:58	58.6175	26943
16:38:28	0.000904083	26943
16:38:28	58.6175	26943
16:38:58	0.000904083	26943
16:38:58	58.6175	26943
16:39:28	0.000904083	26943
16:39:28	58.6175	26943
16:39:58	0.000904083	26943
16:39:58	58.6175	26943
16:40:29	0.000904083	26943
16:40:29	58.6175	26943
16:40:59	0.000904083	26943
16:40:59	58.6175	26943
16:41:29	0.000904083	26943
16:41:29	58.6176	26943
16:41:59	0.000904083	26943
16:41:59	58.6176	26943
16:42:29	0.000904083	26943
16:42:29	58.6176	26943
16:42:59	0.000904083	26943
16:43:00	58.6176	26943
16:43:30	0.000904083	26943
16:43:30	58.6176	26943
16:44:00	0.000904083	8801
16:44:00	39.9841	8801
16:44:30	0.000904083	8801
16:44:30	39.9841	8801
16:45:00	0.000904083	6081
16:45:00	17.0316	6081
16:45:30	0.000904083	13633
16:45:30	19.3141	14453
16:46:01	0.000904083	12435
16:46:01	23.2821	12435
16:46:31	0.000904083	12579
16:46:31	27.8502	12579
16:47:01	0.000904083	12733
16:47:01	31.8472	12733
16:47:31	0.000904083	14573
16:47:31	36.4131	14573
16:48:01	0.000904083	13029
16:48:01	40.3794	13029
16:48:31	0.000904083	13225
16:48:31	44.3786	13225
16:49:02	0.000904083	11061
16:49:02	48.9131	14283
16:49:32	0.000904083	10713
16:49:32	53.2624	10713
16:50:02	0.000904083	11423
16:50:02	57.4805	13005
16:50:32	0.000904083	22049
16:50:32	58.4395	22049
16:51:02	0.000904083	22369
16:51:02	58.4395	22369
16:51:33	0.000904083	22549
16:51:33	58.4395	22549
16:52:03	0.000904083	26217
16:52:03	58.4393	26217
16:52:33	0.000904083	26217
16:52:33	58.4393	26217
16:53:03	0.000904083	26217
16:53:03	58.4393	26217
16:53:33	0.000904083	26217
16:53:33	58.4393	26217
16:54:03	0.000904083	26217
16:54:03	58.4393	26217
16:54:34	0.000904083	26217
16:54:34	58.4393	26217
16:55:04	0.000904083	26217
16:55:04	58.4393	26217
16:55:34	0.000904083	26217
16:55:34	58.4393	26217
16:56:04	0.000904083	26217
16:56:04	58.4393	26217
16:56:34	0.000904083	26217
16:56:34	58.4393	26217
16:57:05	0.000904083	26217
16:57:05	58.4393	26217
16:57:35	0.000904083	26217
16:57:35	58.4393	26217
16:58:05	0.000904083	26217
16:58:05	58.4393	26217
16:58:35	0.000904083	26217
16:58:35	58.4393	26217
16:59:05	0.000904083	26217
16:59:05	58.4393	26217
16:59:35	0.000904083	26217
16:59:35	58.4393	26217
17:00:05	0.000904083	26217
17:00:05	58.4393	26217
17:00:36	0.000904083	26217
17:00:36	58.4393	26217
17:01:06	0.000904083	26217
17:01:06	58.4393	26217
17:01:36	0.000904083	26217
17:01:36	58.4393	26217
17:02:06	0.000904083	26217
17:02:06	58.4393	26217
17:02:36	0.000904083	26217
17:02:36	58.4393	26217
17:03:06	0.000904083	26217
17:03:07	58.4393	26217
17:03:37	0.000904083	26217
17:03:37	58.4393	26217
17:04:07	0.000904083	26217
17:04:07	58.4393	26217
17:04:37	0.000904083	26217
17:04:37	58.4393	26217
17:05:07	0.000904083	26217
17:05:07	58.4393	26217
17:05:37	0.000904083	26217
17:05:37	58.4393	26217
17:06:08	0.000904083	26217
17:06:08	58.4393	26217
17:06:38	0.000904083	26217
17:06:38	58.4393	26217
17:07:08	0.000904083	26217
17:07:08	58.4393	26217
17:07:38	0.000904083	26217
17:07:38	58.4393	26217
17:08:08	0.000904083	26217
17:08:08	58.4393	26217
17:08:38	0.000904083	26209
17:08:39	58.4393	26209
17:09:09	0.000904083	26209
17:09:09	58.4393	26209
17:09:39	0.000904083	26209
17:09:39	58.4393	26209
17:10:09	0.000904083	26209
17:10:09	58.4393	26209
17:10:39	0.000904083	26209
17:10:39	58.4393	26209
17:11:09	0.000904083	26209
17:11:09	58.4393	26209
17:11:40	0.000904083	26209
17:11:40	58.4393	26209
17:12:10	0.000904083	26209
17:12:10	58.4362	26209
17:12:40	0.000904083	26209
17:12:40	58.4356	26209
17:13:10	0.000904083	26209
17:13:10	58.4356	26209
17:13:40	0.000904083	26209
17:13:40	58.4356	26209
17:14:11	0.000904083	26209
17:14:11	58.4356	26209
17:14:41	0.000904083	26209
17:14:41	58.4356	26209
17:15:11	0.000904083	26209
17:15:11	58.4357	26209
17:15:41	0.000904083	26209
17:15:41	58.4357	26209
17:16:11	0.000904083	26209
17:16:11	58.4357	26209
17:16:41	0.000904083	26209
17:16:41	58.4357	26209
17:17:12	0.000904083	26209
17:17:12	58.4357	26209
17:17:42	0.000904083	26209
17:17:42	58.4357	26209
17:18:12	0.000904083	26209
17:18:12	58.4357	26209
17:18:42	0.000904083	26209
17:18:42	58.4357	26209
17:19:12	0.000904083	8615
17:19:12	39.4329	8615
17:19:43	0.000904083	8615
17:19:43	39.4329	8615
17:20:13	0.000904083	10865
17:20:13	17.3923	10865
17:20:43	0.000904083	11969
17:20:43	19.0196	12129
17:21:13	0.000904083	13647
17:21:13	23.3324	13647
17:21:43	0.000904083	9681
17:21:43	27.6766	11705
17:22:13	0.000904083	11863
17:22:14	31.4767	11863
17:22:44	0.000904083	9881
17:22:44	35.7915	9881
17:23:14	0.000904083	12885
17:23:14	39.5903	12885
17:23:44	0.000904083	13061
17:23:44	43.3908	11781
17:24:14	0.000904083	12535
17:24:14	47.8775	12535
17:24:44	0.000904083	13411
17:24:44	52.0131	13411
17:25:14	0.000904083	10813
17:25:14	56.4709	10855
17:25:45	0.000904083	21653
17:25:45	56.4709	21653
17:26:15	0.000904083	21673
17:26:15	56.4709	21673
17:26:45	0.000904083	25901
17:26:45	56.4709	25901
17:27:15	0.000904083	25901
17:27:15	56.4709	25901
17:27:45	0.000904083	25901
17:27:45	56.4709	25901
17:28:15	0.000904083	25901
17:28:15	56.4709	25901
17:28:45	0.000904083	25901
17:28:45	56.4709	25901
17:29:16	0.000904083	25901
17:29:16	56.4709	25901
17:29:46	0.000904083	25901
17:29:46	56.4709	25901
17:30:16	0.000904083	25901
17:30:16	56.4709	25901
17:30:46	0.000904083	25901
17:30:46	56.4709	25901
17:31:16	0.000904083	25901
17:31:16	56.4709	25901
17:31:46	0.000904083	25901
17:31:47	56.4709	25901
17:32:17	0.000904083	25901
17:32:17	56.4709	25901
17:32:47	0.000904083	25901
17:32:47	56.4709	25901
17:33:17	0.000904083	25901
17:33:17	56.4709	25901
17:33:47	0.000904083	25901
17:33:47	56.4709	25901
17:34:17	0.000904083	25901
17:34:17	56.4709	25901
17:34:48	0.000904083	25901
17:34:48	56.4709	25901
17:35:18	0.000904083	25901
17:35:18	56.4709	25901
17:35:48	0.000904083	25901
17:35:48	56.4709	25901
17:36:18	0.000904083	25901
17:36:18	56.4709	25901
17:36:48	0.000904083	25901
17:36:48	56.4709	25901
17:37:18	0.000904083	25901
17:37:19	56.4709	25901
17:37:49	0.000904083	25901
17:37:49	56.4709	25901
17:38:19	0.000904083	25901
17:38:19	56.4709	25901
17:38:49	0.000904083	25901
17:38:49	56.4709	25901
17:39:19	0.000904083	25901
17:39:19	56.4709	25901
17:39:49	0.000904083	25901
17:39:49	56.4709	25901
17:40:20	0.000904083	25901
17:40:20	56.4709	25901
17:40:50	0.000904083	25901
17:40:50	56.4709	25901
17:41:20	0.000904083	25901
17:41:20	56.4709	25901
17:41:50	0.000904083	25901
17:41:50	56.4709	25901
17:42:20	0.000904083	25901
17:42:20	56.4709	25901
17:42:50	0.000904083	25901
17:42:50	56.4709	25901
17:43:20	0.000904083	25901
17:43:20	56.4709	25901
17:43:51	0.000904083	25893
17:43:51	56.4709	25893
17:44:21	0.000904083	25893
17:44:21	56.4709	25893
17:44:51	0.000904083	25893
17:44:51	56.4709	25893
17:45:21	0.000904083	25893
17:45:21	56.4709	25893
17:45:51	0.000904083	25893
17:45:51	56.4709	25893
17:46:21	0.000904083	25893
17:46:22	56.4709	25893
17:46:52	0.000904083	25893
17:46:52	56.4709	25893
17:47:22	0.000904083	25893
17:47:22	56.4715	25893
17:47:52	0.000904083	25893
17:47:52	56.4715	25893
17:48:22	0.000904083	25893
17:48:22	56.4715	25893
17:48:52	0.000904083	25893
17:48:53	56.4715	25893
17:49:23	0.000904083	25893
17:49:23	56.4715	25893
17:49:53	0.000904083	25893
17:49:53	56.4715	25893
17:50:23	0.000904083	25893
17:50:23	56.4715	25893
17:50:53	0.000904083	25893
17:50:53	56.4715	25893
17:51:23	0.000904083	25893
17:51:23	56.4715	25893
17:51:53	0.000904083	25893
17:51:53	56.4715	25893
17:52:24	0.000904083	25893
17:52:24	56.4715	25893
17:52:54	0.000904083	25893
17:52:54	56.4715	25893
17:53:24	0.000904083	25893
17:53:24	56.4715	25893
17:53:54	0.000904083	25893
17:53:54	56.4715	25893
