15:22:21	0.00104904	513
15:22:21	0.650959	513
15:22:51	0.00104904	513
15:22:51	0.650959	513
15:23:21	0.00104904	513
15:23:21	0.650959	513
15:23:51	0.00104904	11767
15:23:52	2.5236	11767
15:24:22	0.00104904	19057
15:24:22	2.81694	19057
15:24:52	0.00104904	21879
15:24:52	4.62729	21879
15:25:22	0.00104904	22945
15:25:22	9.76636	23225
15:25:52	0.00104904	22223
15:25:52	14.4702	22223
15:26:22	0.00104904	23591
15:26:22	19.6105	23591
15:26:53	0.00104904	23729
15:26:53	24.5427	23729
15:27:23	0.00104904	22349
15:27:23	29.3268	22349
15:27:53	0.00104904	21899
15:27:53	34.443	19977
15:28:23	0.00104904	22053
15:28:23	39.034	22053
15:28:53	0.00104904	22541
15:28:53	43.8927	22541
15:29:23	0.00104904	23213
15:29:24	48.6832	23213
15:29:54	0.00104904	20593
15:29:54	53.8931	20593
15:30:24	0.00104904	31779
15:30:24	57.8712	31779
15:30:54	0.00104904	30071
15:30:54	57.8713	30071
15:31:24	0.00104904	30453
15:31:24	57.8713	30453
15:31:54	0.00104904	31393
15:31:54	57.8713	31393
17:54:24	0.000976562	583
17:54:24	0.677536	583
17:54:54	0.000976562	7869
17:54:55	4.46968	6649
17:55:25	0.000976562	7587
17:55:25	9.27417	7587
17:55:55	0.000976562	7985
17:55:55	14.0101	7985
17:56:25	0.000976562	9333
17:56:25	19.1515	9333
17:56:55	0.000976562	8313
17:56:55	23.8746	8313
17:57:25	0.000976562	10519
17:57:25	29.0143	10519
17:57:55	0.000976562	9795
17:57:55	33.9411	9815
17:58:26	0.000976562	8095
17:58:26	38.638	8095
17:58:56	0.000976562	8925
17:58:56	43.3194	8925
17:59:26	0.000976562	9083
17:59:26	48.2459	9083
17:59:56	0.000976562	9217
17:59:56	52.9128	9217
18:00:26	0.000976562	8447
18:00:26	57.9279	6507
18:00:57	0.000976562	9545
18:00:57	62.357	9545
18:01:27	0.000976562	7747
18:01:27	67.3905	8547
18:01:57	0.000976562	21247
18:01:57	67.9412	21247
18:02:27	0.000976562	21827
18:02:27	67.9412	21827
18:02:57	0.000976562	21827
18:02:57	67.9412	21827
18:03:27	0.000976562	28421
18:03:28	71.2923	28421
18:03:58	0.000976562	32103
18:03:58	68.1089	32103
18:04:28	0.000976562	32103
18:04:28	68.1089	32103
18:04:58	0.000976562	32103
18:04:58	68.1089	32103
18:05:28	0.000976562	32103
18:05:28	68.1089	32103
18:05:58	0.000976562	32103
18:05:58	68.1089	32103
18:06:28	0.000976562	32103
18:06:29	68.1089	32103
18:06:59	0.000976562	32103
18:06:59	68.1089	32103
18:07:29	0.000976562	32103
18:07:29	68.1089	32103
18:07:59	0.000976562	32103
18:07:59	68.1089	32103
18:08:29	0.000976562	32103
18:08:29	68.1089	32103
18:08:59	0.000976562	32103
18:08:59	68.1089	32103
18:09:30	0.000976562	32103
18:09:30	68.1089	32103
18:10:00	0.000976562	32103
18:10:00	68.1089	32103
18:10:30	0.000976562	32103
18:10:30	68.1089	32103
18:11:00	0.000976562	32103
18:11:00	68.1089	32103
18:11:30	0.000976562	32103
18:11:30	68.1089	32103
18:12:00	0.000976562	32103
18:12:00	68.1089	32103
18:12:30	0.000976562	32103
18:12:30	68.1089	32103
18:13:01	0.000976562	32103
18:13:01	68.1089	32103
18:13:31	0.000976562	32103
18:13:31	68.1089	32103
18:14:01	0.000976562	32103
18:14:01	68.1089	32103
18:14:31	0.000976562	32103
18:14:31	68.1089	32103
18:15:01	0.000976562	32103
18:15:01	68.1089	32103
18:15:32	0.000976562	32103
18:15:32	68.1089	32103
18:16:02	0.000976562	32103
18:16:02	68.1089	32103
18:16:32	0.000976562	32103
18:16:32	68.1089	32103
18:17:02	0.000976562	32103
18:17:02	68.1089	32103
18:17:32	0.000976562	32103
18:17:32	68.1089	32103
18:18:02	0.000976562	32103
18:18:02	68.1089	32103
18:18:33	0.000976562	32103
18:18:33	68.1089	32103
18:19:03	0.000976562	32103
18:19:03	68.1089	32103
18:19:33	0.000976562	32103
18:19:33	68.1089	32103
18:20:03	0.000976562	32103
18:20:03	68.1089	32103
18:20:33	0.000976562	32103
18:20:33	68.1089	32103
18:21:03	0.000976562	32103
18:21:03	68.1089	32103
18:21:34	0.000976562	32103
18:21:34	68.1089	32103
18:22:04	0.000976562	32103
18:22:04	68.1089	32103
18:22:34	0.000976562	32103
18:22:34	68.1089	32103
18:23:04	0.000976562	32103
18:23:04	68.1089	32103
18:23:34	0.000976562	32103
18:23:34	68.1089	32103
18:24:05	0.000976562	32103
18:24:05	68.1089	32103
18:24:35	0.000976562	32103
18:24:35	68.1089	32103
18:25:05	0.000976562	32103
18:25:05	68.1089	32103
18:25:35	0.000976562	32103
18:25:35	68.1089	32103
18:26:05	0.000976562	32103
18:26:05	68.1089	32103
18:26:35	0.000976562	32095
18:26:35	68.1034	32095
18:27:05	0.000976562	32103
18:27:06	68.1385	32103
18:27:36	0.000976562	32103
18:27:36	68.1386	32103
18:28:06	0.000976562	32103
18:28:06	68.1386	32103
18:28:36	0.000976562	32103
18:28:36	68.1386	32103
18:29:06	0.000976562	32103
18:29:06	68.1386	32103
18:29:36	0.000976562	32103
18:29:36	68.1386	32103
18:30:07	0.000976562	32103
18:30:07	68.1386	32103
18:30:37	0.000976562	32103
18:30:37	68.1388	32103
18:31:07	0.000976562	32103
18:31:07	68.1388	32103
18:31:37	0.000976562	32103
18:31:37	68.1388	32103
18:32:07	0.000976562	32103
18:32:07	68.1388	32103
18:32:37	0.000976562	32103
18:32:38	68.1389	32103
18:33:08	0.000976562	32103
18:33:08	68.1389	32103
18:33:38	0.000976562	32103
18:33:38	68.1389	32103
18:34:08	0.000976562	32103
18:34:08	68.1389	32103
18:34:38	0.000976562	32103
18:34:38	68.1352	32103
18:35:08	0.000976562	32103
18:35:09	68.1351	32103
18:35:39	0.000976562	32103
18:35:39	68.1337	32103
18:36:09	0.000976562	32103
18:36:09	68.1335	32103
18:36:39	0.000976562	32103
18:36:39	68.1335	32103
18:37:09	0.000976562	32103
18:37:09	68.1298	32103
18:37:39	0.000976562	32103
18:37:40	68.1298	32103
18:38:10	0.000976562	32103
18:38:10	68.1298	32103
18:38:40	0.000976562	32103
18:38:40	68.1298	32103
18:39:10	0.000976562	32103
18:39:10	68.1299	32103
18:39:40	0.000976562	32103
18:39:40	68.1299	32103
18:40:10	0.000976562	9717
18:40:10	56.803	9717
18:40:41	0.000976562	9717
18:40:41	56.803	9717
18:41:11	0.000976562	9717
18:41:11	56.803	9717
18:41:41	0.000976562	10731
18:41:41	19.2685	10731
18:42:11	0.000976562	12567
18:42:11	21.5781	12567
18:42:41	0.000976562	13239
18:42:41	25.5903	13239
18:43:11	0.000976562	13401
18:43:12	30.21	13401
18:43:42	0.000976562	12839
18:43:42	34.2529	12839
18:44:12	0.000976562	14993
18:44:12	38.8717	14993
18:44:42	0.000976562	13215
18:44:42	43.0748	13795
18:45:12	0.000976562	11161
18:45:12	47.6932	11161
18:45:42	0.000976562	13501
18:45:42	51.519	13501
18:46:13	0.000976562	14207
18:46:13	55.5589	14207
18:46:43	0.000976562	14401
18:46:43	59.754	14401
18:47:13	0.000976562	14503
18:47:13	64.1547	11829
18:47:43	0.000976562	14151
18:47:43	68.354	14151
18:48:13	0.000976562	14917
18:48:13	72.2747	14917
18:48:43	0.000976562	25623
18:48:44	73.6583	25623
18:49:14	0.000976562	26003
18:49:14	73.6583	26003
18:49:44	0.000976562	26003
18:49:44	73.6583	26003
18:50:14	0.000976562	30771
18:50:14	77.0218	30771
18:50:44	0.000976562	30771
18:50:44	73.6582	30771
18:51:14	0.000976562	30771
18:51:15	73.6582	30771
18:51:45	0.000976562	30771
18:51:45	73.6582	30771
18:52:15	0.000976562	30771
18:52:15	73.6582	30771
18:52:45	0.000976562	30771
18:52:45	73.6582	30771
18:53:15	0.000976562	30771
18:53:15	73.6582	30771
18:53:45	0.000976562	30771
18:53:45	73.6582	30771
18:54:15	0.000976562	30771
18:54:15	73.6582	30771
18:54:46	0.000976562	30771
18:54:46	73.6582	30771
18:55:16	0.000976562	30771
18:55:16	73.6582	30771
18:55:46	0.000976562	30771
18:55:46	73.6582	30771
18:56:16	0.000976562	30771
18:56:16	73.6582	30771
18:56:46	0.000976562	30771
18:56:46	73.6582	30771
18:57:16	0.000976562	30771
18:57:17	73.6582	30771
18:57:47	0.000976562	30771
18:57:47	73.6564	30771
18:58:17	0.000976562	30771
18:58:17	73.6514	30771
18:58:47	0.000976562	30771
18:58:47	73.6514	30771
18:59:17	0.000976562	30771
18:59:17	73.6514	30771
18:59:47	0.000976562	30771
18:59:48	73.6462	30771
19:00:18	0.000976562	30771
19:00:18	73.6462	30771
19:00:48	0.000976562	30771
19:00:48	73.6462	30771
19:01:18	0.000976562	30771
19:01:18	73.6462	30771
19:01:48	0.000976562	30771
19:01:48	73.6462	30771
19:02:18	0.000976562	30771
19:02:19	73.6461	30771
19:02:49	0.000976562	30771
19:02:49	73.646	30771
19:03:19	0.000976562	30771
19:03:19	73.6411	30771
19:03:49	0.000976562	30771
19:03:49	73.6411	30771
19:04:19	0.000976562	30771
19:04:19	73.6411	30771
19:04:49	0.000976562	30771
19:04:49	73.6411	30771
19:05:20	0.000976562	30771
19:05:20	73.6368	30771
19:05:50	0.000976562	30771
19:05:50	73.6367	30771
19:06:20	0.000976562	30771
19:06:20	73.6191	30771
19:06:50	0.000976562	30771
19:06:50	73.6191	30771
19:07:20	0.000976562	30771
19:07:20	73.6181	30771
19:07:51	0.000976562	30771
19:07:51	73.618	30771
19:08:21	0.000976562	30771
19:08:21	73.618	30771
19:08:51	0.000976562	30763
19:08:51	73.6185	30763
19:09:21	0.000976562	30763
19:09:21	73.6199	30763
19:09:51	0.000976562	30763
19:09:51	73.62	30763
19:10:22	0.000976562	30763
19:10:22	73.62	30763
19:10:52	0.000976562	30763
19:10:52	73.62	30763
19:11:22	0.000976562	30763
19:11:22	73.62	30763
19:11:52	0.000976562	30763
19:11:52	73.6201	30763
19:12:22	0.000976562	30763
19:12:22	73.6201	30763
19:12:52	0.000976562	30763
19:12:52	73.6201	30763
19:13:22	0.000976562	30763
19:13:23	73.6201	30763
19:13:53	0.000976562	30763
19:13:53	73.6201	30763
19:14:23	0.000976562	30763
19:14:23	73.6201	30763
19:14:53	0.000976562	30763
19:14:53	73.6201	30763
19:15:23	0.000976562	30763
19:15:23	73.6201	30763
19:15:53	0.000976562	30763
19:15:53	73.6188	30763
19:16:24	0.000976562	30763
19:16:24	73.6185	30763
19:16:54	0.000976562	30763
19:16:54	73.6184	30763
19:17:24	0.000976562	30763
19:17:24	73.6184	30763
19:17:54	0.000976562	30763
19:17:54	73.6182	30763
19:18:24	0.000976562	30763
19:18:24	73.6182	30763
19:18:54	0.000976562	30763
19:18:55	73.6181	30763
19:19:25	0.000976562	30763
19:19:25	73.6181	30763
19:19:55	0.000976562	30763
19:19:55	73.618	30763
19:20:25	0.000976562	30763
19:20:25	73.618	30763
19:20:55	0.000976562	30763
19:20:55	73.618	30763
19:21:25	0.000976562	30763
19:21:25	73.618	30763
19:21:55	0.000976562	30763
19:21:56	73.6173	30763
19:22:26	0.000976562	9785
19:22:26	50.4392	9785
19:22:56	0.000976562	9785
19:22:56	50.4392	9785
19:23:26	0.000976562	9785
19:23:26	50.4392	9785
19:23:56	0.000976562	14035
19:23:56	20.4757	14035
19:24:26	0.000976562	10327
19:24:26	25.0421	10327
19:24:57	0.000976562	12535
19:24:57	29.0075	12535
19:25:27	0.000976562	12677
19:25:27	33.5755	12677
19:25:57	0.000976562	10831
19:25:57	37.9246	12855
19:26:27	0.000976562	15145
19:26:27	42.4927	15465
19:26:57	0.000976562	13809
19:26:57	46.6432	13809
19:27:27	0.000976562	15135
19:27:28	50.9905	15135
19:27:58	0.000976562	13053
19:27:58	55.2711	13053
19:28:28	0.000976562	16529
19:28:28	59.7081	16529
19:28:58	0.000976562	11701
19:28:58	64.0565	11701
19:29:28	0.000976562	16361
19:29:28	68.2055	16361
19:29:58	0.000976562	12031
19:29:59	72.6239	12031
19:30:29	0.000976562	24987
19:30:29	73.9675	24987
19:30:59	0.000976562	25327
19:30:59	73.9675	25327
19:31:29	0.000976562	25627
19:31:29	73.9626	25627
19:31:59	0.000976562	30215
19:31:59	76.5993	30215
19:32:29	0.000976562	30215
19:32:29	73.9963	30215
19:33:00	0.000976562	30215
19:33:00	73.9963	30215
19:33:30	0.000976562	30215
19:33:30	73.9963	30215
19:34:00	0.000976562	30215
19:34:00	73.9963	30215
19:34:30	0.000976562	30215
19:34:30	73.9963	30215
19:35:00	0.000976562	30215
19:35:00	73.9963	30215
19:35:30	0.000976562	30215
19:35:31	73.9963	30215
19:36:01	0.000976562	30215
19:36:01	73.9963	30215
19:36:31	0.000976562	30215
19:36:31	73.9963	30215
19:37:01	0.000976562	30215
19:37:01	73.9963	30215
19:37:31	0.000976562	30215
19:37:31	73.9963	30215
19:38:01	0.000976562	30215
19:38:01	73.9963	30215
19:38:32	0.000976562	30215
19:38:32	73.9963	30215
19:39:02	0.000976562	30215
19:39:02	73.9963	30215
19:39:32	0.000976562	30215
19:39:32	73.9963	30215
19:40:02	0.000976562	30215
19:40:02	73.9963	30215
19:40:32	0.000976562	30215
19:40:32	73.9963	30215
19:41:03	0.000976562	30215
19:41:03	73.9963	30215
19:41:33	0.000976562	30215
19:41:33	73.9963	30215
19:42:03	0.000976562	30215
19:42:03	73.9963	30215
19:42:33	0.000976562	30215
19:42:33	73.9963	30215
19:43:03	0.000976562	30215
19:43:03	73.9963	30215
19:43:33	0.000976562	30215
19:43:33	73.9963	30215
19:44:04	0.000976562	30215
19:44:04	73.9963	30215
19:44:34	0.000976562	30215
19:44:34	73.9963	30215
19:45:04	0.000976562	30215
19:45:04	73.9963	30215
19:45:34	0.000976562	30215
19:45:34	73.9963	30215
19:46:04	0.000976562	30215
19:46:04	73.9963	30215
19:46:34	0.000976562	30215
19:46:35	73.9963	30215
19:47:05	0.000976562	30215
19:47:05	73.9963	30215
19:47:35	0.000976562	30215
19:47:35	73.9963	30215
19:48:05	0.000976562	30215
19:48:05	73.9963	30215
19:48:35	0.000976562	30215
19:48:35	73.9963	30215
19:49:05	0.000976562	30215
19:49:05	73.9963	30215
19:49:35	0.000976562	30215
19:49:35	73.9963	30215
19:50:06	0.000976562	30215
19:50:06	73.9963	30215
19:50:36	0.000976562	30215
19:50:36	73.9963	30215
19:51:06	0.000976562	30215
19:51:06	73.9963	30215
19:51:36	0.000976562	30207
19:51:36	73.9593	30207
19:52:06	0.000976562	30207
19:52:06	73.9593	30207
19:52:36	0.000976562	30207
19:52:37	73.9593	30207
19:53:07	0.000976562	30207
19:53:07	73.9593	30207
19:53:37	0.000976562	30207
19:53:37	73.9593	30207
19:54:07	0.000976562	30207
19:54:07	73.9593	30207
19:54:37	0.000976562	30207
19:54:37	73.9593	30207
19:55:07	0.000976562	30207
19:55:07	73.9593	30207
19:55:37	0.000976562	30207
19:55:38	73.9589	30207
19:56:08	0.000976562	30207
19:56:08	73.9438	30207
19:56:38	0.000976562	30207
19:56:38	73.9432	30207
19:57:08	0.000976562	30207
19:57:08	73.9431	30207
19:57:38	0.000976562	30207
19:57:38	73.9383	30207
19:58:08	0.000976562	30207
19:58:08	73.9383	30207
19:58:39	0.000976562	30207
19:58:39	73.9383	30207
19:59:09	0.000976562	30207
19:59:09	73.9383	30207
19:59:39	0.000976562	30207
19:59:39	73.9383	30207
20:00:09	0.000976562	30207
20:00:09	73.9383	30207
20:00:39	0.000976562	30207
20:00:39	73.9383	30207
20:01:09	0.000976562	30207
20:01:10	73.9383	30207
20:01:40	0.000976562	30207
20:01:40	73.9383	30207
20:02:10	0.000976562	30207
20:02:10	73.9383	30207
20:02:40	0.000976562	30207
20:02:40	73.9383	30207
20:03:10	0.000976562	30207
20:03:10	73.9383	30207
20:03:40	0.000976562	30207
20:03:40	73.9383	30207
20:04:10	0.000976562	30207
20:04:11	73.9383	30207
20:04:41	0.000976562	30207
20:04:41	73.9383	30207
20:05:11	0.000976562	9715
20:05:11	49.9758	9715
20:05:41	0.000976562	9715
20:05:41	49.9758	9715
20:06:11	0.000976562	9715
20:06:11	49.9758	9715
20:06:41	0.000976562	12095
20:06:41	20.4589	12095
20:07:12	0.000976562	13015
20:07:12	24.2572	13015
20:07:42	0.000976562	14835
20:07:42	28.5708	14835
20:08:12	0.000976562	15019
20:08:12	32.9145	15019
20:08:42	0.000976562	14945
20:08:42	37.0519	14945
20:09:12	0.000976562	15083
20:09:12	41.3951	15085
20:09:42	0.000976562	13691
20:09:42	45.3381	13691
20:10:13	0.000976562	13169
20:10:13	49.4743	13169
20:10:43	0.000976562	15805
20:10:43	53.8182	15805
20:11:13	0.000976562	13331
20:11:13	57.7609	13331
20:11:43	0.000976562	15659
20:11:43	61.8975	15659
20:12:13	0.000976562	13747
20:12:13	65.8423	13747
20:12:43	0.000976562	15751
20:12:44	70.0959	16511
20:13:14	0.000976562	24375
20:13:14	71.4136	24375
20:13:44	0.000976562	25035
20:13:44	71.4136	25035
20:14:14	0.000976562	25035
20:14:14	71.4136	25035
20:14:44	0.000976562	29543
20:14:44	71.4498	29543
20:15:14	0.000976562	29543
20:15:15	71.4498	29543
20:15:45	0.000976562	29543
20:15:45	71.4498	29543
20:16:15	0.000976562	29543
20:16:15	71.4498	29543
20:16:45	0.000976562	29543
20:16:45	71.4498	29543
20:17:15	0.000976562	29543
20:17:15	71.4498	29543
20:17:45	0.000976562	29543
20:17:45	71.4498	29543
20:18:15	0.000976562	29543
20:18:15	71.4498	29543
20:18:46	0.000976562	29543
20:18:46	71.4498	29543
20:19:16	0.000976562	29543
20:19:16	71.4498	29543
20:19:46	0.000976562	29543
20:19:46	71.4498	29543
20:20:16	0.000976562	29543
20:20:16	71.4498	29543
20:20:46	0.000976562	29543
20:20:46	71.4498	29543
20:21:16	0.000976562	29543
20:21:16	71.4498	29543
20:21:47	0.000976562	29543
20:21:47	71.4498	29543
20:22:17	0.000976562	29543
20:22:17	71.4498	29543
20:22:47	0.000976562	29543
20:22:47	71.4498	29543
20:23:17	0.000976562	29543
20:23:17	71.4498	29543
20:23:47	0.000976562	29543
20:23:47	71.4498	29543
20:24:17	0.000976562	29543
20:24:18	71.4498	29543
20:24:48	0.000976562	29543
20:24:48	71.4498	29543
20:25:18	0.000976562	29543
20:25:18	71.4498	29543
20:25:48	0.000976562	29543
20:25:48	71.4498	29543
20:26:18	0.000976562	29543
20:26:18	71.444	29543
20:26:48	0.000976562	29543
20:26:48	71.4398	29543
20:27:18	0.000976562	29543
20:27:19	71.4398	29543
20:27:49	0.000976562	29543
20:27:49	71.4398	29543
20:28:19	0.000976562	29543
20:28:19	71.4398	29543
20:28:49	0.000976562	29543
20:28:49	71.4398	29543
20:29:19	0.000976562	29543
20:29:19	71.4398	29543
20:29:49	0.000976562	29543
20:29:49	71.4398	29543
20:30:19	0.000976562	29543
20:30:19	71.4398	29543
20:30:50	0.000976562	29543
20:30:50	71.4398	29543
20:31:20	0.000976562	29543
20:31:20	71.4398	29543
20:31:50	0.000976562	29543
20:31:50	71.4398	29543
20:32:20	0.000976562	29543
20:32:20	71.4398	29543
20:32:50	0.000976562	29543
20:32:50	71.4398	29543
20:33:20	0.000976562	29543
20:33:20	71.4398	29543
20:33:50	0.000976562	29543
20:33:51	71.4398	29543
20:34:21	0.000976562	29543
20:34:21	71.4398	29543
20:34:51	0.000976562	29535
20:34:51	71.4034	29535
20:35:21	0.000976562	29535
20:35:21	71.4034	29535
20:35:51	0.000976562	29535
20:35:51	71.4034	29535
20:36:21	0.000976562	29535
20:36:21	71.4034	29535
20:36:51	0.000976562	29535
20:36:52	71.4034	29535
20:37:22	0.000976562	29535
20:37:22	71.4034	29535
20:37:52	0.000976562	29535
20:37:52	71.4034	29535
20:38:22	0.000976562	29535
20:38:22	71.4034	29535
20:38:52	0.000976562	29535
20:38:52	71.404	29535
20:39:22	0.000976562	29535
20:39:22	71.404	29535
20:39:52	0.000976562	29535
20:39:53	71.404	29535
20:40:23	0.000976562	29535
20:40:23	71.404	29535
20:40:53	0.000976562	29535
20:40:53	71.404	29535
20:41:23	0.000976562	29535
20:41:23	71.404	29535
20:41:53	0.000976562	29535
20:41:53	71.404	29535
20:42:23	0.000976562	29535
20:42:23	71.404	29535
20:42:54	0.000976562	29535
20:42:54	71.404	29535
20:43:24	0.000976562	29535
20:43:24	71.404	29535
20:43:54	0.000976562	29535
20:43:54	71.404	29535
20:44:24	0.000976562	29535
20:44:24	71.404	29535
20:44:54	0.000976562	29535
20:44:54	71.404	29535
20:45:24	0.000976562	29535
20:45:24	71.404	29535
20:45:55	0.000976562	29535
20:45:55	71.404	29535
20:46:25	0.000976562	29535
20:46:25	71.404	29535
20:46:55	0.000976562	29535
20:46:55	71.404	29535
20:47:25	0.000976562	29535
20:47:25	71.404	29535
20:47:55	0.000976562	29535
20:47:55	71.404	29535
