20:59:43	0.00101471	0
21:00:13	0.00101471	4049
21:00:13	2.38483	6389
21:00:43	0.00101471	7091
21:00:43	5.17519	7091
21:01:13	0.00101471	8797
21:01:13	10.3227	8797
21:01:43	0.00101471	11737
21:01:44	13.2008	11737
21:02:14	0.00101471	14441
21:02:14	13.4416	14441
21:02:44	0.00101471	14461
21:02:44	13.4416	14461
21:03:14	0.00101471	14461
21:03:14	13.4416	14461
21:03:44	0.00101471	14461
21:03:44	13.4416	14461
21:04:14	0.00101471	14461
21:04:14	13.4416	14461
21:04:44	0.00101471	14461
21:04:45	13.4416	14461
21:05:15	0.00101471	14481
21:05:15	13.4416	14481
21:05:45	0.00101471	14481
21:05:45	13.4416	14481
21:06:15	0.00101471	14481
21:06:15	13.4416	14481
21:06:45	0.00101471	18063
21:06:45	13.4804	18063
21:07:15	0.00101471	18063
21:07:15	13.4805	18063
21:07:45	0.00101471	18293
21:07:46	13.479	18293
21:08:16	0.00101471	18309
21:08:16	13.4791	18309
21:08:46	0.00101471	18309
21:08:46	13.4791	18309
21:09:16	0.00101471	5511
21:09:16	11.6717	5511
21:09:46	0.00101471	9895
21:09:46	5.39616	7015
21:10:16	0.00101471	8579
21:10:16	7.91546	8579
21:10:46	0.00101471	9261
21:10:46	12.1594	9261
21:11:17	0.00101471	14793
21:11:17	12.9863	14793
21:11:47	0.00101471	14793
21:11:47	12.9863	14793
21:12:17	0.00101471	14793
21:12:17	12.9863	14793
21:12:47	0.00101471	14793
21:12:47	12.9863	14793
21:13:17	0.00101471	14793
21:13:17	12.9863	14793
21:13:48	0.00101471	14793
21:13:48	12.9863	14793
21:14:18	0.00101471	14793
21:14:18	12.9863	14793
21:14:48	0.00101471	14793
21:14:48	12.9863	14793
21:15:18	0.00101471	18425
21:15:18	12.9863	18425
21:15:48	0.00101471	18525
21:15:48	12.9863	18525
21:16:18	0.00101471	18629
21:16:18	12.9863	18629
21:16:49	0.00101471	18641
21:16:49	12.9863	18641
21:17:19	0.00101471	18641
21:17:19	12.9863	18641
21:17:49	0.00101471	5437
21:17:49	10.4869	5437
21:18:19	0.00101471	8441
21:18:19	4.56422	8441
21:18:49	0.00101471	9799
21:18:49	8.41255	9799
21:19:19	0.00101471	10035
21:19:19	12.3969	10035
21:19:50	0.00101471	14227
21:19:50	12.3974	14227
21:20:20	0.00101471	14227
21:20:20	12.3974	14227
21:20:50	0.00101471	14227
21:20:50	12.3974	14227
21:21:20	0.00101471	14227
21:21:20	12.3974	14227
21:21:50	0.00101471	14227
21:21:50	12.3974	14227
21:22:20	0.00101471	14227
21:22:20	12.3974	14227
21:22:51	0.00101471	14227
21:22:51	12.3974	14227
21:23:21	0.00101471	14227
21:23:21	12.3974	14227
21:23:51	0.00101471	18199
21:23:51	12.3974	18199
21:24:21	0.00101471	18199
21:24:21	12.3974	18199
21:24:51	0.00101471	18447
21:24:51	12.3974	18447
21:25:21	0.00101471	18447
21:25:21	12.3974	18447
21:25:52	0.00101471	18459
21:25:52	12.3974	18459
21:26:22	0.00101471	18459
21:26:22	12.3974	18459
21:26:52	0.00101471	5741
21:26:52	5.74889	5741
21:27:22	0.00101471	8415
21:27:22	5.85066	6815
21:27:52	0.00101471	8645
21:27:52	9.99897	8645
21:28:22	0.00101471	13467
21:28:22	11.6923	13467
21:28:52	0.00101471	14075
21:28:52	11.6906	14075
21:29:23	0.00101471	14075
21:29:23	11.6906	14075
21:29:53	0.00101471	14075
21:29:53	11.6906	14075
21:30:23	0.00101471	14075
21:30:23	11.6906	14075
21:30:53	0.00101471	14075
21:30:53	11.6906	14075
21:31:23	0.00101471	14075
21:31:23	11.6906	14075
21:31:53	0.00101471	14075
21:31:54	11.6906	14075
21:32:24	0.00101471	14075
21:32:24	11.6906	14075
21:32:54	0.00101471	18227
21:32:54	11.6906	18227
21:33:24	0.00101471	18227
21:33:24	11.6906	18227
21:33:54	0.00101471	18445
21:33:54	11.6907	18445
21:34:24	0.00101471	18447
21:34:24	11.6912	18447
21:34:54	0.00101471	18447
21:34:55	11.6912	18447
