10:31:25	0.000995636	7170
10:31:25	9.24413	7150
10:31:55	0.000995636	12806
10:31:55	13.4522	12806
10:32:25	0.000995636	14978
10:32:25	13.7012	14978
10:32:55	0.000995636	14978
10:32:55	13.7012	14978
10:33:25	0.000995636	14978
10:33:25	13.7012	14978
10:33:55	0.000995636	14978
10:33:55	13.7012	14978
10:34:26	0.000995636	14978
10:34:26	13.7012	14978
10:34:56	0.000995636	15256
10:34:56	13.7124	15256
10:35:26	0.000995636	5270
10:35:26	11.8115	5270
10:35:56	0.000995636	8656
10:35:56	11.6975	8656
10:36:26	0.000995636	13688
10:36:26	13.2987	13688
10:36:56	0.000995636	13688
10:36:56	13.2987	13688
10:37:27	0.000995636	13688
10:37:27	13.2987	13688
10:37:57	0.000995636	13688
10:37:57	13.2987	13688
10:38:27	0.000995636	13808
10:38:27	13.2987	13800
10:38:57	0.000995636	5254
10:38:57	10.7844	5254
10:39:27	0.000995636	8344
10:39:28	5.66006	8344
10:39:58	0.000995636	12794
10:39:58	12.8965	12794
10:40:28	0.000995636	13282
10:40:28	12.898	13282
10:40:58	0.000995636	13302
10:40:58	12.898	13302
10:41:28	0.000995636	13322
10:41:28	12.898	13322
10:41:58	0.000995636	13322
10:41:58	12.898	13322
10:42:28	0.000995636	13322
10:42:28	12.898	13322
10:42:59	0.000995636	5268
10:42:59	10.6353	5268
10:43:29	0.000995636	6518
10:43:29	4.03972	6666
10:43:59	0.000995636	9690
10:43:59	12.0268	9690
10:44:29	0.000995636	13922
10:44:29	12.0274	13922
10:44:59	0.000995636	13922
10:44:59	12.0274	13922
10:45:29	0.000995636	13922
10:45:29	12.0274	13922
10:46:00	0.000995636	13922
10:46:00	12.0274	13922
10:46:30	0.000995636	13922
10:46:30	12.0274	13922
10:47:00	0.000995636	14794
10:47:00	12.028	14794
